device;ano-mes;sensor;valor_maximo;valor_medio;valor_minimo
sirrosteste_UCS_AMV-01;2024-03;temperatura;44.70;24.77;17.50
sirrosteste_UCS_AMV-01;2024-03;umidade;97.60;74.03;29.70
sirrosteste_UCS_AMV-01;2024-03;luminosidade;27306.20;5350.69;0.10
sirrosteste_UCS_AMV-01;2024-03;ruido;120.00;102.73;51.40
sirrosteste_UCS_AMV-01;2024-03;eco2;170.00;12.38;1.00
sirrosteste_UCS_AMV-01;2024-03;etvoc;1481.00;410.56;400.00
sirrosteste_UCS_AMV-16;2024-07;temperatura;32.10;11.18;0.30
sirrosteste_UCS_AMV-16;2024-07;umidade;100.00;85.76;27.30
sirrosteste_UCS_AMV-16;2024-07;luminosidade;9262.70;743.67;0.10
sirrosteste_UCS_AMV-16;2024-07;ruido;107.70;75.59;48.20
sirrosteste_UCS_AMV-16;2024-07;eco2;286.00;14.91;1.00
sirrosteste_UCS_AMV-16;2024-07;etvoc;1641.00;408.64;400.00
sirrosteste_UCS_AMV-14;2024-07;temperatura;42.60;15.03;1.70
sirrosteste_UCS_AMV-14;2024-07;umidade;83.80;65.24;13.20
sirrosteste_UCS_AMV-14;2024-07;luminosidade;27306.20;1360.30;0.10
sirrosteste_UCS_AMV-14;2024-07;ruido;120.00;73.68;42.70
sirrosteste_UCS_AMV-14;2024-07;eco2;1197.00;395.75;1.00
sirrosteste_UCS_AMV-14;2024-07;etvoc;2227.00;1305.21;400.00
sirrosteste_UCS_AMV-19;2024-07;temperatura;24.80;19.11;8.20
sirrosteste_UCS_AMV-19;2024-07;umidade;98.40;87.19;56.60
sirrosteste_UCS_AMV-19;2024-07;luminosidade;485.90;155.02;0.10
sirrosteste_UCS_AMV-19;2024-07;ruido;104.80;71.95;43.80
sirrosteste_UCS_AMV-19;2024-07;eco2;109.00;11.83;1.00
sirrosteste_UCS_AMV-19;2024-07;etvoc;1119.00;447.07;400.00
sirrosteste_UCS_AMV-05;2024-07;temperatura;28.30;12.65;0.20
sirrosteste_UCS_AMV-05;2024-07;umidade;94.50;77.47;23.00
sirrosteste_UCS_AMV-05;2024-07;luminosidade;3157.60;701.62;0.10
sirrosteste_UCS_AMV-05;2024-07;ruido;108.40;71.28;48.10
sirrosteste_UCS_AMV-05;2024-07;eco2;11.00;4.83;1.00
sirrosteste_UCS_AMV-05;2024-07;etvoc;479.00;403.77;401.00
sirrosteste_UCS_AMV-11;2024-07;temperatura;17.80;16.60;16.60
sirrosteste_UCS_AMV-11;2024-07;umidade;98.20;98.20;76.00
sirrosteste_UCS_AMV-11;2024-07;luminosidade;5926.70;1252.24;0.10
sirrosteste_UCS_AMV-11;2024-07;ruido;120.00;72.79;46.90
sirrosteste_UCS_AMV-11;2024-07;eco2;20.00;20.00;20.00
sirrosteste_UCS_AMV-11;2024-07;etvoc;403.00;403.00;403.00
sirrosteste_UCS_AMV-20;2024-07;temperatura;24.80;12.08;7.00
sirrosteste_UCS_AMV-20;2024-07;umidade;92.00;75.21;40.60
sirrosteste_UCS_AMV-20;2024-07;luminosidade;3596.40;424.58;2.80
sirrosteste_UCS_AMV-20;2024-07;ruido;120.00;74.56;51.70
sirrosteste_UCS_AMV-20;2024-07;eco2;19.00;6.92;1.00
sirrosteste_UCS_AMV-20;2024-07;etvoc;533.00;400.34;400.00
sirrosteste_UCS_AMV-10;2024-07;temperatura;32.10;12.43;2.90
sirrosteste_UCS_AMV-10;2024-07;umidade;99.90;78.02;35.00
sirrosteste_UCS_AMV-10;2024-07;luminosidade;107.90;32.54;0.10
sirrosteste_UCS_AMV-10;2024-07;ruido;110.30;72.28;43.80
sirrosteste_UCS_AMV-10;2024-07;eco2;1191.00;39.55;1.00
sirrosteste_UCS_AMV-10;2024-07;etvoc;2221.00;493.08;400.00
sirrosteste_UCS_AMV-08;2024-07;temperatura;29.10;12.77;1.70
sirrosteste_UCS_AMV-08;2024-07;umidade;97.60;77.89;23.00
sirrosteste_UCS_AMV-08;2024-07;luminosidade;8494.50;1524.78;0.10
sirrosteste_UCS_AMV-08;2024-07;ruido;106.00;76.97;49.40
sirrosteste_UCS_AMV-08;2024-07;eco2;980.00;13.59;1.00
sirrosteste_UCS_AMV-08;2024-07;etvoc;2128.00;419.67;400.00
sirrosteste_UCS_AMV-22;2024-07;temperatura;27.00;16.42;14.30
sirrosteste_UCS_AMV-22;2024-07;umidade;92.90;65.48;43.80
sirrosteste_UCS_AMV-22;2024-07;luminosidade;7213.80;157.59;-1.00
sirrosteste_UCS_AMV-22;2024-07;ruido;114.70;71.91;55.00
sirrosteste_UCS_AMV-22;2024-07;eco2;1183.00;176.87;1.00
sirrosteste_UCS_AMV-22;2024-07;etvoc;2218.00;996.24;400.00
sirrosteste_UCS_AMV-12;2024-07;temperatura;37.90;12.40;0.60
sirrosteste_UCS_AMV-12;2024-07;umidade;90.70;73.07;22.00
sirrosteste_UCS_AMV-12;2024-07;luminosidade;4802.00;129.05;1.00
sirrosteste_UCS_AMV-12;2024-07;ruido;120.00;84.30;52.60
sirrosteste_UCS_AMV-12;2024-07;eco2;1194.00;182.23;1.00
sirrosteste_UCS_AMV-12;2024-07;etvoc;2226.00;673.87;400.00
sirrosteste_UCS_AMV-17;2024-07;temperatura;26.00;11.71;1.40
sirrosteste_UCS_AMV-17;2024-07;umidade;92.60;75.82;31.90
sirrosteste_UCS_AMV-17;2024-07;luminosidade;110.30;6.83;-1.00
sirrosteste_UCS_AMV-17;2024-07;ruido;106.50;76.44;46.80
sirrosteste_UCS_AMV-17;2024-07;eco2;1194.00;437.84;1.00
sirrosteste_UCS_AMV-17;2024-07;etvoc;2224.00;1081.98;400.00
sirrosteste_UCS_AMV-06;2024-07;temperatura;25.30;13.94;1.70
sirrosteste_UCS_AMV-06;2024-07;umidade;100.00;83.28;35.50
sirrosteste_UCS_AMV-06;2024-07;luminosidade;1284.30;88.96;0.50
sirrosteste_UCS_AMV-06;2024-07;ruido;120.00;83.98;58.20
sirrosteste_UCS_AMV-06;2024-07;etvoc;400.00;400.00;400.00
sirrosteste_UCS_AMV-21;2024-03;temperatura;53.60;32.38;14.10
sirrosteste_UCS_AMV-21;2024-03;umidade;93.10;51.78;18.30
sirrosteste_UCS_AMV-21;2024-03;luminosidade;25019.10;2889.19;-1.00
sirrosteste_UCS_AMV-21;2024-03;ruido;110.70;83.56;61.00
sirrosteste_UCS_AMV-21;2024-03;eco2;20.00;19.74;6.00
sirrosteste_UCS_AMV-21;2024-03;etvoc;445.00;403.70;400.00
sirrosteste_UCS_AMV-17;2024-03;temperatura;406.10;nan;-1405.10
sirrosteste_UCS_AMV-17;2024-03;umidade;3935.00;nan;18.70
sirrosteste_UCS_AMV-17;2024-03;luminosidade;13220.80;1050.41;-1.00
sirrosteste_UCS_AMV-17;2024-03;ruido;120.00;86.14;56.90
sirrosteste_UCS_AMV-17;2024-03;eco2;3790.00;62.35;1.00
sirrosteste_UCS_AMV-17;2024-03;etvoc;3440.00;567.58;381.00
sirrosteste_UCS_AMV-12;2024-03;temperatura;38.50;24.41;20.40
sirrosteste_UCS_AMV-12;2024-03;umidade;68.50;55.98;30.90
sirrosteste_UCS_AMV-12;2024-03;luminosidade;27306.20;1909.98;0.10
sirrosteste_UCS_AMV-12;2024-03;ruido;111.40;57.08;41.60
sirrosteste_UCS_AMV-12;2024-03;eco2;546.00;32.31;1.00
sirrosteste_UCS_AMV-12;2024-03;etvoc;1873.00;578.88;400.00
sirrosteste_UCS_AMV-13;2024-03;temperatura;36.20;26.42;19.30
sirrosteste_UCS_AMV-13;2024-03;umidade;68.30;57.62;29.90
sirrosteste_UCS_AMV-13;2024-03;luminosidade;2202.90;93.45;0.10
sirrosteste_UCS_AMV-13;2024-03;ruido;111.00;62.24;41.20
sirrosteste_UCS_AMV-13;2024-03;eco2;88.00;20.04;6.00
sirrosteste_UCS_AMV-13;2024-03;etvoc;984.00;405.75;400.00
sirrosteste_UCS_AMV-16;2024-03;temperatura;33.60;27.34;18.10
sirrosteste_UCS_AMV-16;2024-03;umidade;92.20;57.69;39.40
sirrosteste_UCS_AMV-16;2024-03;luminosidade;8185.40;294.61;0.10
sirrosteste_UCS_AMV-16;2024-03;ruido;120.00;68.86;43.90
sirrosteste_UCS_AMV-16;2024-03;eco2;3003.00;62.01;1.00
sirrosteste_UCS_AMV-16;2024-03;etvoc;3072.00;668.99;400.00
sirrosteste_UCS_AMV-11;2024-03;temperatura;37.30;25.72;16.60
sirrosteste_UCS_AMV-11;2024-03;umidade;99.90;63.20;33.40
sirrosteste_UCS_AMV-11;2024-03;luminosidade;9843.50;785.69;0.10
sirrosteste_UCS_AMV-11;2024-03;ruido;120.00;61.87;41.60
sirrosteste_UCS_AMV-11;2024-03;eco2;2504.00;36.75;1.00
sirrosteste_UCS_AMV-11;2024-03;etvoc;2833.00;536.83;400.00
sirrosteste_UCS_AMV-22;2024-03;temperatura;35.60;nan;20.60
sirrosteste_UCS_AMV-22;2024-03;umidade;89.30;nan;37.40
sirrosteste_UCS_AMV-22;2024-03;luminosidade;7828.40;17.71;0.10
sirrosteste_UCS_AMV-22;2024-03;ruido;120.00;70.18;43.80
sirrosteste_UCS_AMV-22;2024-03;eco2;5589.00;194.38;1.00
sirrosteste_UCS_AMV-22;2024-03;etvoc;4282.00;763.50;400.00
sirrosteste_UCS_AMV-05;2024-03;temperatura;34.80;24.81;16.60
sirrosteste_UCS_AMV-05;2024-03;umidade;91.00;59.95;38.80
sirrosteste_UCS_AMV-05;2024-03;luminosidade;11665.70;513.13;0.10
sirrosteste_UCS_AMV-05;2024-03;ruido;120.00;61.78;39.80
sirrosteste_UCS_AMV-05;2024-03;eco2;1161.00;36.53;1.00
sirrosteste_UCS_AMV-05;2024-03;etvoc;2210.00;621.13;400.00
sirrosteste_UCS_AMV-06;2024-03;temperatura;32.60;23.15;13.10
sirrosteste_UCS_AMV-06;2024-03;umidade;100.00;71.45;37.60
sirrosteste_UCS_AMV-06;2024-03;luminosidade;1990.50;84.26;0.10
sirrosteste_UCS_AMV-06;2024-03;ruido;120.00;74.61;41.50
sirrosteste_UCS_AMV-06;2024-03;eco2;897.00;24.65;1.00
sirrosteste_UCS_AMV-06;2024-03;etvoc;2085.00;494.93;400.00
sirrosteste_UCS_AMV-19;2024-03;temperatura;39.50;27.27;14.30
sirrosteste_UCS_AMV-19;2024-03;umidade;86.80;63.38;40.00
sirrosteste_UCS_AMV-19;2024-03;luminosidade;2639.40;82.94;0.10
sirrosteste_UCS_AMV-19;2024-03;ruido;120.00;65.29;41.70
sirrosteste_UCS_AMV-19;2024-03;eco2;396.00;14.63;1.00
sirrosteste_UCS_AMV-19;2024-03;etvoc;1754.00;413.68;400.00
sirrosteste_UCS_AMV-14;2024-03;temperatura;40.50;26.03;22.00
sirrosteste_UCS_AMV-14;2024-03;umidade;73.00;61.22;27.80
sirrosteste_UCS_AMV-14;2024-03;luminosidade;27306.20;681.61;0.10
sirrosteste_UCS_AMV-14;2024-03;ruido;111.10;59.56;44.70
sirrosteste_UCS_AMV-14;2024-03;eco2;370.00;34.18;1.00
sirrosteste_UCS_AMV-14;2024-03;etvoc;1731.00;590.35;400.00
sirrosteste_UCS_AMV-12;2024-08;temperatura;41.10;19.40;11.70
sirrosteste_UCS_AMV-12;2024-08;umidade;85.30;63.97;27.40
sirrosteste_UCS_AMV-12;2024-08;luminosidade;3236.50;244.74;2.00
sirrosteste_UCS_AMV-12;2024-08;ruido;101.60;77.50;56.10
sirrosteste_UCS_AMV-12;2024-08;eco2;1194.00;327.61;1.00
sirrosteste_UCS_AMV-12;2024-08;etvoc;2226.00;668.50;401.00
sirrosteste_UCS_AMV-17;2024-08;temperatura;26.40;13.19;0.80
sirrosteste_UCS_AMV-17;2024-08;umidade;91.20;72.65;36.10
sirrosteste_UCS_AMV-17;2024-08;luminosidade;91.90;9.92;-1.00
sirrosteste_UCS_AMV-17;2024-08;ruido;104.20;76.49;45.60
sirrosteste_UCS_AMV-17;2024-08;eco2;1190.00;267.26;1.00
sirrosteste_UCS_AMV-17;2024-08;etvoc;2222.00;774.93;400.00
sirrosteste_UCS_AMV-06;2024-08;temperatura;26.60;18.75;12.80
sirrosteste_UCS_AMV-06;2024-08;umidade;99.90;81.26;45.80
sirrosteste_UCS_AMV-06;2024-08;luminosidade;1221.30;91.13;0.30
sirrosteste_UCS_AMV-06;2024-08;ruido;120.00;85.78;68.50
sirrosteste_UCS_AMV-06;2024-08;eco2;20.00;20.00;20.00
sirrosteste_UCS_AMV-06;2024-08;etvoc;403.00;400.00;400.00
sirrosteste_UCS_AMV-16;2024-08;temperatura;60.00;13.90;0.10
sirrosteste_UCS_AMV-16;2024-08;umidade;100.00;79.37;20.70
sirrosteste_UCS_AMV-16;2024-08;luminosidade;14602.40;1008.66;0.10
sirrosteste_UCS_AMV-16;2024-08;ruido;120.00;76.96;47.70
sirrosteste_UCS_AMV-16;2024-08;eco2;171.00;19.58;1.00
sirrosteste_UCS_AMV-16;2024-08;etvoc;1498.00;411.31;400.00
sirrosteste_UCS_AMV-14;2024-08;temperatura;44.50;18.90;2.50
sirrosteste_UCS_AMV-14;2024-08;umidade;82.30;56.02;10.50
sirrosteste_UCS_AMV-14;2024-08;luminosidade;27306.20;1595.07;0.10
sirrosteste_UCS_AMV-14;2024-08;ruido;120.00;74.58;42.60
sirrosteste_UCS_AMV-14;2024-08;eco2;1196.00;454.89;1.00
sirrosteste_UCS_AMV-14;2024-08;etvoc;2226.00;1113.15;400.00
sirrosteste_UCS_AMV-19;2024-08;temperatura;29.50;18.00;12.70
sirrosteste_UCS_AMV-19;2024-08;umidade;89.50;81.44;57.00
sirrosteste_UCS_AMV-19;2024-08;luminosidade;454.50;171.64;0.10
sirrosteste_UCS_AMV-19;2024-08;ruido;105.40;67.92;44.50
sirrosteste_UCS_AMV-19;2024-08;eco2;20.00;20.00;6.00
sirrosteste_UCS_AMV-19;2024-08;etvoc;443.00;403.00;403.00
sirrosteste_UCS_AMV-05;2024-08;temperatura;35.00;15.74;0.40
sirrosteste_UCS_AMV-05;2024-08;umidade;94.60;68.42;26.40
sirrosteste_UCS_AMV-05;2024-08;luminosidade;3444.10;912.57;0.10
sirrosteste_UCS_AMV-05;2024-08;ruido;120.00;72.13;48.20
sirrosteste_UCS_AMV-05;2024-08;eco2;75.00;20.00;2.00
sirrosteste_UCS_AMV-05;2024-08;etvoc;896.00;402.55;401.00
sirrosteste_UCS_AMV-11;2024-08;temperatura;35.00;15.31;2.20
sirrosteste_UCS_AMV-11;2024-08;umidade;98.20;88.69;29.90
sirrosteste_UCS_AMV-11;2024-08;luminosidade;8054.20;1540.50;0.10
sirrosteste_UCS_AMV-11;2024-08;ruido;113.40;72.79;46.20
sirrosteste_UCS_AMV-11;2024-08;eco2;38.00;20.00;8.00
sirrosteste_UCS_AMV-11;2024-08;etvoc;655.00;403.01;403.00
sirrosteste_UCS_AMV-20;2024-08;temperatura;3278.30;13.80;0.10
sirrosteste_UCS_AMV-20;2024-08;umidade;95.20;71.78;27.10
sirrosteste_UCS_AMV-20;2024-08;luminosidade;5574.20;473.35;0.50
sirrosteste_UCS_AMV-20;2024-08;ruido;120.00;70.72;38.30
sirrosteste_UCS_AMV-20;2024-08;eco2;41.00;19.86;1.00
sirrosteste_UCS_AMV-20;2024-08;etvoc;676.00;401.28;400.00
sirrosteste_UCS_AMV-10;2024-08;temperatura;30.30;15.63;2.80
sirrosteste_UCS_AMV-10;2024-08;umidade;96.20;68.06;33.50
sirrosteste_UCS_AMV-10;2024-08;luminosidade;109.90;37.17;0.10
sirrosteste_UCS_AMV-10;2024-08;ruido;115.20;72.69;43.80
sirrosteste_UCS_AMV-10;2024-08;eco2;1165.00;39.16;1.00
sirrosteste_UCS_AMV-10;2024-08;etvoc;2211.00;437.18;400.00
sirrosteste_UCS_AMV-08;2024-08;temperatura;35.50;15.42;0.70
sirrosteste_UCS_AMV-08;2024-08;umidade;96.60;70.11;29.40
sirrosteste_UCS_AMV-08;2024-08;luminosidade;13997.20;2219.87;0.10
sirrosteste_UCS_AMV-08;2024-08;ruido;112.30;78.44;49.10
sirrosteste_UCS_AMV-08;2024-08;eco2;184.00;15.27;1.00
sirrosteste_UCS_AMV-08;2024-08;etvoc;1518.00;411.00;403.00
sirrosteste_UCS_AMV-22;2024-08;temperatura;30.10;14.35;4.60
sirrosteste_UCS_AMV-22;2024-08;umidade;95.40;85.85;34.20
sirrosteste_UCS_AMV-22;2024-08;luminosidade;0.10;-1.00;-1.00
sirrosteste_UCS_AMV-22;2024-08;ruido;114.80;82.96;47.80
sirrosteste_UCS_AMV-22;2024-08;eco2;1193.00;92.58;1.00
sirrosteste_UCS_AMV-22;2024-08;etvoc;2224.00;565.67;400.00
sirrosteste_UCS_AMV-10;2024-03;temperatura;23.20;18.25;13.30
sirrosteste_UCS_AMV-10;2024-03;umidade;78.20;64.35;50.50
sirrosteste_UCS_AMV-10;2024-03;luminosidade;30.80;30.80;30.80
sirrosteste_UCS_AMV-10;2024-03;ruido;85.60;74.55;63.50
sirrosteste_UCS_AMV-10;2024-03;eco2;12.00;12.00;12.00
sirrosteste_UCS_AMV-10;2024-03;etvoc;484.00;442.00;400.00
sirrosteste_UCS_AMV-12;2024-04;temperatura;34.80;23.84;19.50
sirrosteste_UCS_AMV-12;2024-04;umidade;78.10;59.13;36.90
sirrosteste_UCS_AMV-12;2024-04;luminosidade;27306.20;814.87;0.20
sirrosteste_UCS_AMV-12;2024-04;ruido;120.00;63.91;41.30
sirrosteste_UCS_AMV-12;2024-04;eco2;1180.00;38.86;1.00
sirrosteste_UCS_AMV-12;2024-04;etvoc;2216.00;581.51;400.00
sirrosteste_UCS_AMV-16;2024-04;temperatura;31.20;23.59;19.50
sirrosteste_UCS_AMV-16;2024-04;umidade;81.10;65.01;43.90
sirrosteste_UCS_AMV-16;2024-04;luminosidade;184.60;2.19;0.10
sirrosteste_UCS_AMV-16;2024-04;ruido;120.00;61.10;43.60
sirrosteste_UCS_AMV-16;2024-04;eco2;4859.00;72.24;1.00
sirrosteste_UCS_AMV-16;2024-04;etvoc;3930.00;816.38;400.00
sirrosteste_UCS_AMV-19;2024-04;temperatura;37.40;23.57;17.60
sirrosteste_UCS_AMV-19;2024-04;umidade;97.20;66.74;33.90
sirrosteste_UCS_AMV-19;2024-04;luminosidade;3574.40;176.78;0.10
sirrosteste_UCS_AMV-19;2024-04;ruido;120.00;64.44;41.40
sirrosteste_UCS_AMV-19;2024-04;eco2;1192.00;98.78;1.00
sirrosteste_UCS_AMV-19;2024-04;etvoc;2224.00;702.68;400.00
sirrosteste_UCS_AMV-05;2024-04;temperatura;35.70;20.64;7.20
sirrosteste_UCS_AMV-05;2024-04;umidade;95.80;76.79;37.10
sirrosteste_UCS_AMV-05;2024-04;luminosidade;5258.40;1109.24;0.10
sirrosteste_UCS_AMV-05;2024-04;ruido;111.60;72.54;50.80
sirrosteste_UCS_AMV-05;2024-04;eco2;6418.00;64.93;1.00
sirrosteste_UCS_AMV-05;2024-04;etvoc;4671.00;705.13;400.00
sirrosteste_UCS_AMV-14;2024-04;temperatura;37.70;24.76;7.00
sirrosteste_UCS_AMV-14;2024-04;umidade;79.60;62.42;30.00
sirrosteste_UCS_AMV-14;2024-04;luminosidade;20482.00;249.41;0.10
sirrosteste_UCS_AMV-14;2024-04;ruido;110.60;64.79;44.40
sirrosteste_UCS_AMV-14;2024-04;eco2;1173.00;59.24;1.00
sirrosteste_UCS_AMV-14;2024-04;etvoc;2214.00;662.82;400.00
sirrosteste_UCS_AMV-22;2024-04;temperatura;31.60;23.85;4.60
sirrosteste_UCS_AMV-22;2024-04;umidade;91.30;65.17;45.40
sirrosteste_UCS_AMV-22;2024-04;luminosidade;57.60;2.76;-1.00
sirrosteste_UCS_AMV-22;2024-04;ruido;113.50;66.87;43.50
sirrosteste_UCS_AMV-22;2024-04;eco2;1715.00;34.59;1.00
sirrosteste_UCS_AMV-22;2024-04;etvoc;2471.00;607.06;400.00
sirrosteste_UCS_AMV-06;2024-04;temperatura;33.00;nan;11.90
sirrosteste_UCS_AMV-06;2024-04;umidade;100.00;nan;44.30
sirrosteste_UCS_AMV-06;2024-04;luminosidade;1370.90;96.94;0.40
sirrosteste_UCS_AMV-06;2024-04;ruido;120.00;82.97;58.00
sirrosteste_UCS_AMV-06;2024-04;eco2;244.00;19.85;1.00
sirrosteste_UCS_AMV-06;2024-04;etvoc;1598.00;403.65;400.00
sirrosteste_UCS_AMV-11;2024-04;temperatura;35.30;21.49;2.50
sirrosteste_UCS_AMV-11;2024-04;umidade;99.90;80.21;10.40
sirrosteste_UCS_AMV-11;2024-04;luminosidade;9277.70;2062.01;0.10
sirrosteste_UCS_AMV-11;2024-04;ruido;120.00;72.46;49.50
sirrosteste_UCS_AMV-11;2024-04;eco2;190.00;20.03;15.00
sirrosteste_UCS_AMV-11;2024-04;etvoc;1490.00;403.29;403.00
sirrosteste_UCS_AMV-13;2024-04;temperatura;33.20;23.68;18.90
sirrosteste_UCS_AMV-13;2024-04;umidade;77.50;63.24;40.70
sirrosteste_UCS_AMV-13;2024-04;luminosidade;1791.60;192.11;0.10
sirrosteste_UCS_AMV-13;2024-04;ruido;120.00;62.82;38.50
sirrosteste_UCS_AMV-13;2024-04;eco2;6565.00;55.45;1.00
sirrosteste_UCS_AMV-13;2024-04;etvoc;4164.00;663.73;400.00
sirrosteste_UCS_AMV-17;2024-04;temperatura;628.50;nan;-1904.30
sirrosteste_UCS_AMV-17;2024-04;umidade;5193.50;nan;21.10
sirrosteste_UCS_AMV-17;2024-04;luminosidade;309.50;5.31;-1.00
sirrosteste_UCS_AMV-17;2024-04;ruido;120.00;82.41;57.60
sirrosteste_UCS_AMV-17;2024-04;eco2;2543.00;71.97;1.00
sirrosteste_UCS_AMV-17;2024-04;etvoc;2854.00;641.39;382.00
sirrosteste_UCS_AMV-13;2024-08;temperatura;25.20;25.20;25.20
sirrosteste_UCS_AMV-13;2024-08;umidade;52.90;52.90;52.90
sirrosteste_UCS_AMV-13;2024-08;ruido;61.30;61.30;61.30
sirrosteste_UCS_AMV-13;2024-08;eco2;25.00;25.00;25.00
sirrosteste_UCS_AMV-13;2024-08;etvoc;568.00;568.00;568.00
sirrosteste_UCS_AMV-20;2024-04;temperatura;28.30;22.40;19.20
sirrosteste_UCS_AMV-20;2024-04;umidade;73.60;64.93;53.00
sirrosteste_UCS_AMV-20;2024-04;luminosidade;275.30;6.13;0.10
sirrosteste_UCS_AMV-20;2024-04;ruido;120.00;58.16;43.00
sirrosteste_UCS_AMV-20;2024-04;eco2;554.00;43.54;1.00
sirrosteste_UCS_AMV-20;2024-04;etvoc;1875.00;667.07;400.00
sirrosteste_UCS_AMV-04;2024-04;temperatura;30.30;23.32;19.30
sirrosteste_UCS_AMV-04;2024-04;umidade;84.20;69.37;47.60
sirrosteste_UCS_AMV-04;2024-04;luminosidade;9084.40;550.11;-1.00
sirrosteste_UCS_AMV-04;2024-04;ruido;120.00;78.02;38.20
sirrosteste_UCS_AMV-04;2024-04;eco2;1182.00;147.00;1.00
sirrosteste_UCS_AMV-04;2024-04;etvoc;2217.00;906.80;400.00
sirrosteste_UCS_AMV-07;2024-04;temperatura;26.20;22.42;18.70
sirrosteste_UCS_AMV-07;2024-04;umidade;79.20;70.44;59.50
sirrosteste_UCS_AMV-07;2024-04;luminosidade;5062.60;592.24;0.10
sirrosteste_UCS_AMV-07;2024-04;ruido;103.00;58.43;39.00
sirrosteste_UCS_AMV-07;2024-04;eco2;1188.00;75.89;1.00
sirrosteste_UCS_AMV-07;2024-04;etvoc;2222.00;762.45;400.00
sirrosteste_UCS_AMV-10;2024-04;temperatura;28.30;21.46;15.70
sirrosteste_UCS_AMV-10;2024-04;umidade;96.60;69.34;49.40
sirrosteste_UCS_AMV-10;2024-04;luminosidade;130.30;12.16;0.10
sirrosteste_UCS_AMV-10;2024-04;ruido;120.00;63.71;40.90
sirrosteste_UCS_AMV-10;2024-04;eco2;1186.00;94.11;1.00
sirrosteste_UCS_AMV-10;2024-04;etvoc;2221.00;748.57;400.00
sirrosteste_UCS_AMV-21;2024-04;temperatura;28.30;22.19;20.00
sirrosteste_UCS_AMV-21;2024-04;umidade;77.00;63.91;49.40
sirrosteste_UCS_AMV-21;2024-04;luminosidade;320.00;2.08;0.10
sirrosteste_UCS_AMV-21;2024-04;ruido;110.60;74.62;47.50
sirrosteste_UCS_AMV-21;2024-04;eco2;187.00;21.42;1.00
sirrosteste_UCS_AMV-21;2024-04;etvoc;1523.00;544.78;400.00
sirrosteste_UCS_AMV-15;2024-04;temperatura;35.20;21.41;14.00
sirrosteste_UCS_AMV-15;2024-04;umidade;97.80;69.47;30.70
sirrosteste_UCS_AMV-15;2024-04;luminosidade;1619.20;223.56;0.10
sirrosteste_UCS_AMV-15;2024-04;ruido;120.00;67.92;41.20
sirrosteste_UCS_AMV-15;2024-04;eco2;1077.00;44.28;1.00
sirrosteste_UCS_AMV-15;2024-04;etvoc;2170.00;652.07;400.00
sirrosteste_UCS_AMV-08;2024-04;temperatura;31.80;20.27;13.50
sirrosteste_UCS_AMV-08;2024-04;umidade;97.20;73.22;44.00
sirrosteste_UCS_AMV-08;2024-04;luminosidade;11006.00;996.22;0.10
sirrosteste_UCS_AMV-08;2024-04;ruido;111.90;68.57;41.70
sirrosteste_UCS_AMV-08;2024-04;eco2;830.00;32.55;1.00
sirrosteste_UCS_AMV-08;2024-04;etvoc;2051.00;532.29;400.00
sirrosteste_UCS_AMV-18;2024-04;temperatura;35.00;21.18;14.00
sirrosteste_UCS_AMV-18;2024-04;umidade;118.90;81.63;40.80
sirrosteste_UCS_AMV-18;2024-04;luminosidade;6307.10;556.62;0.10
sirrosteste_UCS_AMV-18;2024-04;ruido;120.00;70.73;41.30
sirrosteste_UCS_AMV-18;2024-04;eco2;1085.00;31.84;1.00
sirrosteste_UCS_AMV-18;2024-04;etvoc;2174.00;552.50;400.00
sirrosteste_UCS_AMV-09;2024-04;temperatura;28.30;22.09;19.90
sirrosteste_UCS_AMV-09;2024-04;umidade;77.00;63.83;49.70
sirrosteste_UCS_AMV-09;2024-04;luminosidade;226.50;2.96;0.10
sirrosteste_UCS_AMV-09;2024-04;ruido;112.80;84.31;49.80
sirrosteste_UCS_AMV-09;2024-04;eco2;20.00;20.00;20.00
sirrosteste_UCS_AMV-09;2024-04;etvoc;403.00;403.00;401.00
sirrosteste_UCS_AMV-23;2024-04;temperatura;31.00;20.80;14.80
sirrosteste_UCS_AMV-23;2024-04;umidade;100.00;85.34;47.00
sirrosteste_UCS_AMV-23;2024-04;luminosidade;10868.70;727.55;0.10
sirrosteste_UCS_AMV-23;2024-04;ruido;120.00;73.58;41.40
sirrosteste_UCS_AMV-23;2024-04;eco2;1161.00;113.61;1.00
sirrosteste_UCS_AMV-23;2024-04;etvoc;2210.00;835.26;400.00
sirrosteste_UCS_AMV-21;2024-08;temperatura;23.40;23.40;23.40
sirrosteste_UCS_AMV-21;2024-08;umidade;74.40;74.40;74.40
sirrosteste_UCS_AMV-21;2024-08;luminosidade;0.80;0.80;0.80
sirrosteste_UCS_AMV-21;2024-08;ruido;63.10;63.10;63.10
sirrosteste_UCS_AMV-21;2024-08;eco2;29.00;29.00;29.00
sirrosteste_UCS_AMV-21;2024-08;etvoc;595.00;595.00;595.00
sirrosteste_UCS_AMV-08;2024-09;temperatura;34.00;18.97;6.00
sirrosteste_UCS_AMV-08;2024-09;umidade;97.90;72.12;29.30
sirrosteste_UCS_AMV-08;2024-09;luminosidade;27306.20;3493.94;0.10
sirrosteste_UCS_AMV-08;2024-09;ruido;120.00;78.29;47.30
sirrosteste_UCS_AMV-08;2024-09;eco2;20.00;20.00;20.00
sirrosteste_UCS_AMV-08;2024-09;etvoc;408.00;408.00;403.00
sirrosteste_UCS_AMV-11;2024-09;temperatura;22.50;15.15;8.40
sirrosteste_UCS_AMV-11;2024-09;umidade;99.90;71.29;56.60
sirrosteste_UCS_AMV-11;2024-09;luminosidade;6716.10;1819.14;0.10
sirrosteste_UCS_AMV-11;2024-09;ruido;120.00;73.11;48.90
sirrosteste_UCS_AMV-11;2024-09;eco2;20.00;20.00;20.00
sirrosteste_UCS_AMV-11;2024-09;etvoc;403.00;403.00;403.00
sirrosteste_UCS_AMV-20;2024-09;temperatura;37.50;16.67;1.80
sirrosteste_UCS_AMV-20;2024-09;umidade;95.90;74.12;25.40
sirrosteste_UCS_AMV-20;2024-09;luminosidade;7835.70;640.83;2.50
sirrosteste_UCS_AMV-20;2024-09;ruido;120.00;71.14;38.70
sirrosteste_UCS_AMV-20;2024-09;eco2;139.00;107.00;75.00
sirrosteste_UCS_AMV-20;2024-09;etvoc;1316.00;400.03;400.00
sirrosteste_UCS_AMV-05;2024-09;temperatura;35.00;19.37;6.30
sirrosteste_UCS_AMV-05;2024-09;umidade;95.90;69.70;24.50
sirrosteste_UCS_AMV-05;2024-09;luminosidade;9218.60;1157.49;0.10
sirrosteste_UCS_AMV-05;2024-09;ruido;120.00;72.97;49.40
sirrosteste_UCS_AMV-05;2024-09;eco2;20.00;20.00;1.00
sirrosteste_UCS_AMV-05;2024-09;etvoc;414.00;403.00;403.00
sirrosteste_UCS_AMV-14;2024-09;temperatura;49.90;21.48;6.80
sirrosteste_UCS_AMV-14;2024-09;umidade;83.60;60.17;12.40
sirrosteste_UCS_AMV-14;2024-09;luminosidade;23316.00;1273.66;0.10
sirrosteste_UCS_AMV-14;2024-09;ruido;120.00;75.08;43.30
sirrosteste_UCS_AMV-14;2024-09;eco2;1197.00;389.14;1.00
sirrosteste_UCS_AMV-14;2024-09;etvoc;2226.00;1033.22;400.00
sirrosteste_UCS_AMV-16;2024-09;temperatura;36.30;16.74;2.30
sirrosteste_UCS_AMV-16;2024-09;umidade;100.00;83.39;25.20
sirrosteste_UCS_AMV-16;2024-09;luminosidade;27306.20;1340.87;0.10
sirrosteste_UCS_AMV-16;2024-09;ruido;120.00;77.26;47.40
sirrosteste_UCS_AMV-16;2024-09;eco2;20.00;20.00;20.00
sirrosteste_UCS_AMV-16;2024-09;etvoc;403.00;403.00;403.00
sirrosteste_UCS_AMV-22;2024-09;temperatura;15.30;15.30;15.30
sirrosteste_UCS_AMV-22;2024-09;umidade;91.30;91.25;89.10
sirrosteste_UCS_AMV-22;2024-09;luminosidade;-1.00;-1.00;-1.00
sirrosteste_UCS_AMV-22;2024-09;ruido;120.00;83.32;50.30
sirrosteste_UCS_AMV-22;2024-09;eco2;1083.00;14.21;1.00
sirrosteste_UCS_AMV-22;2024-09;etvoc;2173.00;475.18;400.00
sirrosteste_UCS_AMV-12;2024-09;temperatura;24.20;24.20;24.20
sirrosteste_UCS_AMV-12;2024-09;umidade;49.70;49.70;49.70
sirrosteste_UCS_AMV-12;2024-09;ruido;67.50;67.50;67.50
sirrosteste_UCS_AMV-12;2024-09;eco2;33.00;33.00;33.00
sirrosteste_UCS_AMV-12;2024-09;etvoc;625.00;625.00;625.00
sirrosteste_UCS_AMV-17;2024-09;temperatura;24.30;24.10;23.90
sirrosteste_UCS_AMV-17;2024-09;umidade;51.50;50.85;50.20
sirrosteste_UCS_AMV-17;2024-09;ruido;63.90;63.35;62.80
sirrosteste_UCS_AMV-17;2024-09;eco2;66.00;53.50;41.00
sirrosteste_UCS_AMV-17;2024-09;etvoc;835.00;756.50;678.00
sirrosteste_UCS_AMV-19;2024-09;temperatura;19.20;19.20;19.20
sirrosteste_UCS_AMV-19;2024-09;umidade;63.80;63.80;63.80
sirrosteste_UCS_AMV-19;2024-09;luminosidade;261.90;261.90;261.90
sirrosteste_UCS_AMV-19;2024-09;ruido;69.40;69.40;69.40
sirrosteste_UCS_AMV-19;2024-09;eco2;23.00;23.00;23.00
sirrosteste_UCS_AMV-19;2024-09;etvoc;558.00;558.00;558.00
sirrosteste_UCS_AMV-18;2024-09;temperatura;21.40;21.40;21.40
sirrosteste_UCS_AMV-18;2024-09;umidade;67.40;67.40;67.40
sirrosteste_UCS_AMV-18;2024-09;luminosidade;338.10;338.10;338.10
sirrosteste_UCS_AMV-18;2024-09;ruido;66.70;66.70;66.70
sirrosteste_UCS_AMV-18;2024-09;eco2;15.00;15.00;15.00
sirrosteste_UCS_AMV-18;2024-09;etvoc;506.00;506.00;506.00
sirrosteste_UCS_AMV-07;2024-09;temperatura;27.30;21.58;17.80
sirrosteste_UCS_AMV-07;2024-09;umidade;71.50;58.55;44.50
sirrosteste_UCS_AMV-07;2024-09;luminosidade;886.80;28.20;0.10
sirrosteste_UCS_AMV-07;2024-09;ruido;102.00;56.03;39.20
sirrosteste_UCS_AMV-07;2024-09;eco2;542.00;75.93;1.00
sirrosteste_UCS_AMV-07;2024-09;etvoc;1869.00;861.45;400.00
sirrosteste_UCS_AMV-04;2024-09;temperatura;26.60;21.69;18.10
sirrosteste_UCS_AMV-04;2024-09;umidade;73.20;59.48;45.80
sirrosteste_UCS_AMV-04;2024-09;luminosidade;2231.00;25.56;0.10
sirrosteste_UCS_AMV-04;2024-09;ruido;104.10;84.61;54.70
sirrosteste_UCS_AMV-04;2024-09;eco2;299.00;45.27;2.00
sirrosteste_UCS_AMV-04;2024-09;etvoc;1659.00;695.63;404.00
sirrosteste_UCS_AMV-21;2024-09;temperatura;22.50;22.50;22.50
sirrosteste_UCS_AMV-21;2024-09;umidade;63.60;63.60;63.60
sirrosteste_UCS_AMV-21;2024-09;luminosidade;0.20;0.20;0.20
sirrosteste_UCS_AMV-21;2024-09;ruido;81.50;81.50;81.50
sirrosteste_UCS_AMV-21;2024-09;eco2;4.00;4.00;4.00
sirrosteste_UCS_AMV-21;2024-09;etvoc;432.00;432.00;432.00
sirrosteste_UCS_AMV-06;2024-09;temperatura;20.30;20.30;20.30
sirrosteste_UCS_AMV-06;2024-09;umidade;99.90;99.90;99.90
sirrosteste_UCS_AMV-06;2024-09;luminosidade;14.50;14.50;14.50
sirrosteste_UCS_AMV-06;2024-09;ruido;91.20;91.20;91.20
sirrosteste_UCS_AMV-06;2024-09;eco2;20.00;20.00;20.00
sirrosteste_UCS_AMV-06;2024-09;etvoc;403.00;403.00;403.00
sirrosteste_UCS_AMV-15;2024-09;temperatura;19.90;19.90;19.90
sirrosteste_UCS_AMV-15;2024-09;umidade;96.10;96.10;96.10
sirrosteste_UCS_AMV-15;2024-09;ruido;64.80;64.80;64.80
sirrosteste_UCS_AMV-15;2024-09;eco2;1.00;1.00;1.00
sirrosteste_UCS_AMV-15;2024-09;etvoc;414.00;414.00;414.00
sirrosteste_UCS_AMV-11;2024-05;temperatura;24.60;16.85;16.60
sirrosteste_UCS_AMV-11;2024-05;umidade;99.80;97.64;72.40
sirrosteste_UCS_AMV-11;2024-05;luminosidade;7025.70;1236.01;0.10
sirrosteste_UCS_AMV-11;2024-05;ruido;114.70;72.83;47.80
sirrosteste_UCS_AMV-11;2024-05;eco2;20.00;20.00;20.00
sirrosteste_UCS_AMV-11;2024-05;etvoc;403.00;403.00;403.00
sirrosteste_UCS_AMV-10;2024-05;temperatura;27.50;19.41;9.10
sirrosteste_UCS_AMV-10;2024-05;umidade;99.90;84.28;46.70
sirrosteste_UCS_AMV-10;2024-05;luminosidade;119.20;26.23;0.10
sirrosteste_UCS_AMV-10;2024-05;ruido;120.00;72.69;47.40
sirrosteste_UCS_AMV-10;2024-05;eco2;1193.00;369.69;1.00
sirrosteste_UCS_AMV-10;2024-05;etvoc;2225.00;998.43;400.00
sirrosteste_UCS_AMV-21;2024-05;temperatura;28.30;17.60;12.50
sirrosteste_UCS_AMV-21;2024-05;umidade;79.90;68.34;55.60
sirrosteste_UCS_AMV-21;2024-05;luminosidade;15.00;0.81;0.10
sirrosteste_UCS_AMV-21;2024-05;ruido;101.20;63.33;44.40
sirrosteste_UCS_AMV-21;2024-05;eco2;883.00;52.68;1.00
sirrosteste_UCS_AMV-21;2024-05;etvoc;2081.00;712.80;400.00
sirrosteste_UCS_AMV-23;2024-05;temperatura;28.30;14.65;4.10
sirrosteste_UCS_AMV-23;2024-05;umidade;100.00;91.67;48.20
sirrosteste_UCS_AMV-23;2024-05;luminosidade;2430.10;513.94;0.10
sirrosteste_UCS_AMV-23;2024-05;ruido;113.60;78.91;45.80
sirrosteste_UCS_AMV-23;2024-05;eco2;1191.00;116.43;1.00
sirrosteste_UCS_AMV-23;2024-05;etvoc;2224.00;638.40;400.00
sirrosteste_UCS_AMV-15;2024-05;temperatura;34.60;18.42;6.90
sirrosteste_UCS_AMV-15;2024-05;umidade;98.60;83.46;38.60
sirrosteste_UCS_AMV-15;2024-05;luminosidade;1129.20;197.69;0.10
sirrosteste_UCS_AMV-15;2024-05;ruido;120.00;78.52;53.20
sirrosteste_UCS_AMV-15;2024-05;eco2;46.00;17.65;1.00
sirrosteste_UCS_AMV-15;2024-05;etvoc;705.00;405.33;400.00
sirrosteste_UCS_AMV-06;2024-05;temperatura;29.00;18.11;7.00
sirrosteste_UCS_AMV-06;2024-05;umidade;99.90;91.20;45.50
sirrosteste_UCS_AMV-06;2024-05;luminosidade;780.80;53.11;0.40
sirrosteste_UCS_AMV-06;2024-05;ruido;120.00;81.79;55.90
sirrosteste_UCS_AMV-06;2024-05;eco2;20.00;20.00;20.00
sirrosteste_UCS_AMV-06;2024-05;etvoc;403.00;403.00;403.00
sirrosteste_UCS_AMV-18;2024-05;temperatura;33.20;15.25;3.50
sirrosteste_UCS_AMV-18;2024-05;umidade;99.90;92.46;49.30
sirrosteste_UCS_AMV-18;2024-05;luminosidade;5409.40;453.44;1.20
sirrosteste_UCS_AMV-18;2024-05;ruido;120.00;83.01;51.90
sirrosteste_UCS_AMV-18;2024-05;eco2;20.00;20.00;20.00
sirrosteste_UCS_AMV-18;2024-05;etvoc;403.00;403.00;403.00
sirrosteste_UCS_AMV-05;2024-05;temperatura;31.80;15.30;4.90
sirrosteste_UCS_AMV-05;2024-05;umidade;96.60;83.14;39.10
sirrosteste_UCS_AMV-05;2024-05;luminosidade;3601.30;680.27;0.10
sirrosteste_UCS_AMV-05;2024-05;ruido;112.50;72.46;48.80
sirrosteste_UCS_AMV-05;2024-05;eco2;1194.00;68.07;1.00
sirrosteste_UCS_AMV-05;2024-05;etvoc;2225.00;619.40;400.00
sirrosteste_UCS_AMV-22;2024-05;temperatura;28.30;18.57;15.20
sirrosteste_UCS_AMV-22;2024-05;umidade;82.10;65.33;56.50
sirrosteste_UCS_AMV-22;2024-05;luminosidade;96.40;3.33;0.10
sirrosteste_UCS_AMV-22;2024-05;ruido;100.00;65.14;58.00
sirrosteste_UCS_AMV-22;2024-05;eco2;1002.00;88.70;4.00
sirrosteste_UCS_AMV-22;2024-05;etvoc;2134.00;859.18;430.00
sirrosteste_UCS_AMV-07;2024-05;temperatura;25.50;15.53;11.50
sirrosteste_UCS_AMV-07;2024-05;umidade;86.80;70.90;52.00
sirrosteste_UCS_AMV-07;2024-05;luminosidade;1329.10;34.43;0.10
sirrosteste_UCS_AMV-07;2024-05;ruido;109.70;56.63;39.20
sirrosteste_UCS_AMV-07;2024-05;eco2;1166.00;99.15;1.00
sirrosteste_UCS_AMV-07;2024-05;etvoc;2211.00;825.96;400.00
sirrosteste_UCS_AMV-16;2024-05;temperatura;28.30;17.71;12.60
sirrosteste_UCS_AMV-16;2024-05;umidade;82.90;71.15;57.60
sirrosteste_UCS_AMV-16;2024-05;luminosidade;60.50;2.01;0.10
sirrosteste_UCS_AMV-16;2024-05;ruido;102.10;58.33;46.70
sirrosteste_UCS_AMV-16;2024-05;eco2;913.00;89.53;1.00
sirrosteste_UCS_AMV-16;2024-05;etvoc;2095.00;927.82;400.00
sirrosteste_UCS_AMV-09;2024-05;temperatura;24.40;17.45;12.50
sirrosteste_UCS_AMV-09;2024-05;umidade;78.10;67.39;55.40
sirrosteste_UCS_AMV-09;2024-05;luminosidade;25.10;1.33;0.10
sirrosteste_UCS_AMV-09;2024-05;ruido;100.60;81.50;45.30
sirrosteste_UCS_AMV-09;2024-05;eco2;20.00;20.00;20.00
sirrosteste_UCS_AMV-09;2024-05;etvoc;403.00;403.00;403.00
sirrosteste_UCS_AMV-19;2024-05;temperatura;19.50;19.50;19.00
sirrosteste_UCS_AMV-19;2024-05;umidade;89.90;89.80;87.20
sirrosteste_UCS_AMV-19;2024-05;luminosidade;543.10;127.48;0.10
sirrosteste_UCS_AMV-19;2024-05;ruido;120.00;71.58;44.10
sirrosteste_UCS_AMV-19;2024-05;eco2;1195.00;312.95;1.00
sirrosteste_UCS_AMV-19;2024-05;etvoc;2226.00;1238.63;400.00
sirrosteste_UCS_AMV-13;2024-05;temperatura;21.80;15.76;11.90
sirrosteste_UCS_AMV-13;2024-05;umidade;82.50;69.66;60.10
sirrosteste_UCS_AMV-13;2024-05;luminosidade;574.30;55.58;0.10
sirrosteste_UCS_AMV-13;2024-05;ruido;109.00;57.51;38.60
sirrosteste_UCS_AMV-13;2024-05;eco2;1184.00;81.76;1.00
sirrosteste_UCS_AMV-13;2024-05;etvoc;2219.00;810.70;400.00
sirrosteste_UCS_AMV-20;2024-05;temperatura;28.30;17.38;12.00
sirrosteste_UCS_AMV-20;2024-05;umidade;76.20;65.72;48.50
sirrosteste_UCS_AMV-20;2024-05;luminosidade;270.90;6.61;0.10
sirrosteste_UCS_AMV-20;2024-05;ruido;104.50;57.09;43.50
sirrosteste_UCS_AMV-20;2024-05;eco2;415.00;41.83;1.00
sirrosteste_UCS_AMV-20;2024-05;etvoc;1771.00;660.81;400.00
sirrosteste_UCS_AMV-08;2024-05;temperatura;33.90;14.93;3.60
sirrosteste_UCS_AMV-08;2024-05;umidade;98.00;84.77;39.30
sirrosteste_UCS_AMV-08;2024-05;luminosidade;27306.20;1199.26;0.10
sirrosteste_UCS_AMV-08;2024-05;ruido;120.00;78.50;49.40
sirrosteste_UCS_AMV-08;2024-05;eco2;1186.00;26.56;1.00
sirrosteste_UCS_AMV-08;2024-05;etvoc;2220.00;434.36;400.00
sirrosteste_UCS_AMV-04;2024-05;temperatura;26.40;25.40;24.40
sirrosteste_UCS_AMV-04;2024-05;umidade;61.20;57.80;54.40
sirrosteste_UCS_AMV-04;2024-05;luminosidade;1.20;1.20;1.20
sirrosteste_UCS_AMV-04;2024-05;ruido;86.20;84.00;81.80
sirrosteste_UCS_AMV-04;2024-05;eco2;29.00;21.50;14.00
sirrosteste_UCS_AMV-04;2024-05;etvoc;598.00;548.50;499.00
sirrosteste_UCS_AMV-10;2024-09;temperatura;30.40;19.40;5.00
sirrosteste_UCS_AMV-10;2024-09;umidade;99.90;67.56;34.20
sirrosteste_UCS_AMV-10;2024-09;luminosidade;115.10;47.39;0.10
sirrosteste_UCS_AMV-10;2024-09;ruido;120.00;72.90;47.90
sirrosteste_UCS_AMV-10;2024-09;eco2;20.00;19.97;1.00
sirrosteste_UCS_AMV-10;2024-09;etvoc;442.00;403.02;401.00
sirrosteste_UCS_AMV-11;2024-10;temperatura;17.80;17.80;17.30
sirrosteste_UCS_AMV-11;2024-10;umidade;76.00;76.00;75.50
sirrosteste_UCS_AMV-11;2024-10;luminosidade;8087.80;1865.76;0.10
sirrosteste_UCS_AMV-11;2024-10;ruido;120.00;73.71;51.40
sirrosteste_UCS_AMV-11;2024-10;eco2;20.00;20.00;20.00
sirrosteste_UCS_AMV-11;2024-10;etvoc;403.00;403.00;403.00
sirrosteste_UCS_AMV-08;2024-10;temperatura;35.30;17.12;7.50
sirrosteste_UCS_AMV-08;2024-10;umidade;97.90;79.69;34.80
sirrosteste_UCS_AMV-08;2024-10;luminosidade;27306.20;4212.56;0.10
sirrosteste_UCS_AMV-08;2024-10;ruido;120.00;78.88;49.80
sirrosteste_UCS_AMV-08;2024-10;eco2;71.00;7.22;2.00
sirrosteste_UCS_AMV-08;2024-10;etvoc;873.00;410.18;403.00
sirrosteste_UCS_AMV-16;2024-10;temperatura;36.30;17.08;5.70
sirrosteste_UCS_AMV-16;2024-10;umidade;100.00;85.99;28.50
sirrosteste_UCS_AMV-16;2024-10;luminosidade;27306.20;1611.06;0.10
sirrosteste_UCS_AMV-16;2024-10;ruido;120.00;78.21;48.90
sirrosteste_UCS_AMV-16;2024-10;eco2;20.00;20.00;20.00
sirrosteste_UCS_AMV-16;2024-10;etvoc;403.00;403.00;403.00
sirrosteste_UCS_AMV-20;2024-10;temperatura;26.40;13.86;5.40
sirrosteste_UCS_AMV-20;2024-10;umidade;94.20;77.39;34.50
sirrosteste_UCS_AMV-20;2024-10;luminosidade;9139.70;708.28;2.50
sirrosteste_UCS_AMV-20;2024-10;ruido;120.00;71.84;42.10
sirrosteste_UCS_AMV-20;2024-10;eco2;24.00;24.00;24.00
sirrosteste_UCS_AMV-20;2024-10;etvoc;560.00;400.03;400.00
sirrosteste_UCS_AMV-05;2024-10;temperatura;38.80;20.25;7.80
sirrosteste_UCS_AMV-05;2024-10;umidade;95.80;69.53;27.50
sirrosteste_UCS_AMV-05;2024-10;luminosidade;18135.80;1647.04;0.10
sirrosteste_UCS_AMV-05;2024-10;ruido;120.00;74.31;51.70
sirrosteste_UCS_AMV-05;2024-10;eco2;20.00;20.00;20.00
sirrosteste_UCS_AMV-05;2024-10;etvoc;403.00;403.00;403.00
sirrosteste_UCS_AMV-14;2024-10;temperatura;40.40;19.66;9.10
sirrosteste_UCS_AMV-14;2024-10;umidade;83.20;65.25;17.60
sirrosteste_UCS_AMV-14;2024-10;luminosidade;27306.20;1014.97;0.10
sirrosteste_UCS_AMV-14;2024-10;ruido;114.40;74.85;43.30
sirrosteste_UCS_AMV-14;2024-10;eco2;1187.00;332.57;1.00
sirrosteste_UCS_AMV-14;2024-10;etvoc;2221.00;1073.91;400.00
sirrosteste_UCS_AMV-04;2024-10;temperatura;28.30;22.67;18.70
sirrosteste_UCS_AMV-04;2024-10;umidade;74.30;56.84;40.50
sirrosteste_UCS_AMV-04;2024-10;luminosidade;1451.40;15.07;0.10
sirrosteste_UCS_AMV-04;2024-10;ruido;109.20;82.91;50.00
sirrosteste_UCS_AMV-04;2024-10;eco2;1195.00;71.73;1.00
sirrosteste_UCS_AMV-04;2024-10;etvoc;2226.00;754.56;400.00
sirrosteste_UCS_AMV-07;2024-10;temperatura;27.20;22.15;18.40
sirrosteste_UCS_AMV-07;2024-10;umidade;73.10;55.49;40.00
sirrosteste_UCS_AMV-07;2024-10;luminosidade;776.90;22.66;0.10
sirrosteste_UCS_AMV-07;2024-10;ruido;103.60;57.20;39.30
sirrosteste_UCS_AMV-07;2024-10;eco2;772.00;80.05;1.00
sirrosteste_UCS_AMV-07;2024-10;etvoc;2015.00;874.27;400.00
sirrosteste_UCS_AMV-10;2024-10;temperatura;32.20;19.77;8.60
sirrosteste_UCS_AMV-10;2024-10;umidade;99.90;69.19;30.20
sirrosteste_UCS_AMV-10;2024-10;luminosidade;152.40;53.56;0.10
sirrosteste_UCS_AMV-10;2024-10;ruido;113.70;73.17;44.50
sirrosteste_UCS_AMV-10;2024-10;eco2;999.00;9.00;1.00
sirrosteste_UCS_AMV-10;2024-10;etvoc;2136.00;428.34;400.00
sirrosteste_UCS_AMV-22;2024-10;temperatura;21.40;15.30;15.30
sirrosteste_UCS_AMV-22;2024-10;umidade;91.30;91.25;75.30
sirrosteste_UCS_AMV-22;2024-10;luminosidade;0.10;-1.00;-1.00
sirrosteste_UCS_AMV-22;2024-10;ruido;120.00;87.70;50.20
sirrosteste_UCS_AMV-22;2024-10;eco2;1039.00;8.82;2.00
sirrosteste_UCS_AMV-22;2024-10;etvoc;2150.00;458.95;417.00
sirrosteste_UCS_AMV-06;2024-10;temperatura;13.40;13.40;13.40
sirrosteste_UCS_AMV-06;2024-10;umidade;97.00;97.00;97.00
sirrosteste_UCS_AMV-06;2024-10;luminosidade;128.70;128.70;128.70
sirrosteste_UCS_AMV-06;2024-10;ruido;86.10;86.10;86.10
sirrosteste_UCS_AMV-06;2024-10;eco2;20.00;20.00;20.00
sirrosteste_UCS_AMV-06;2024-10;etvoc;403.00;403.00;403.00
sirrosteste_UCS_AMV-15;2024-10;temperatura;26.70;19.55;7.20
sirrosteste_UCS_AMV-15;2024-10;umidade;93.00;79.46;55.10
sirrosteste_UCS_AMV-15;2024-10;luminosidade;1000.10;240.89;0.10
sirrosteste_UCS_AMV-15;2024-10;ruido;106.50;80.08;56.00
sirrosteste_UCS_AMV-15;2024-10;eco2;20.00;20.00;20.00
sirrosteste_UCS_AMV-15;2024-10;etvoc;403.00;403.00;403.00
sirrosteste_UCS_AMV-10;2024-11;temperatura;41.60;22.40;12.50
sirrosteste_UCS_AMV-10;2024-11;umidade;92.10;64.90;26.90
sirrosteste_UCS_AMV-10;2024-11;luminosidade;503.30;70.20;0.10
sirrosteste_UCS_AMV-10;2024-11;ruido;115.50;72.11;43.10
sirrosteste_UCS_AMV-10;2024-11;eco2;264.00;11.04;1.00
sirrosteste_UCS_AMV-10;2024-11;etvoc;1621.00;417.50;400.00
sirrosteste_UCS_AMV-07;2024-11;temperatura;29.10;24.47;13.30
sirrosteste_UCS_AMV-07;2024-11;umidade;72.60;53.58;40.60
sirrosteste_UCS_AMV-07;2024-11;luminosidade;50.60;4.98;0.10
sirrosteste_UCS_AMV-07;2024-11;ruido;102.90;56.70;39.40
sirrosteste_UCS_AMV-07;2024-11;eco2;1167.00;90.42;1.00
sirrosteste_UCS_AMV-07;2024-11;etvoc;2210.00;871.09;400.00
sirrosteste_UCS_AMV-04;2024-11;temperatura;28.00;24.37;20.60
sirrosteste_UCS_AMV-04;2024-11;umidade;66.00;55.74;40.30
sirrosteste_UCS_AMV-04;2024-11;luminosidade;9.40;0.95;0.10
sirrosteste_UCS_AMV-04;2024-11;ruido;106.50;84.94;81.20
sirrosteste_UCS_AMV-04;2024-11;eco2;1184.00;73.36;1.00
sirrosteste_UCS_AMV-04;2024-11;etvoc;2218.00;794.63;400.00
sirrosteste_UCS_AMV-11;2024-11;temperatura;17.80;17.80;17.30
sirrosteste_UCS_AMV-11;2024-11;umidade;76.00;76.00;75.50
sirrosteste_UCS_AMV-11;2024-11;luminosidade;11380.00;2652.83;0.10
sirrosteste_UCS_AMV-11;2024-11;ruido;120.00;73.38;46.10
sirrosteste_UCS_AMV-11;2024-11;eco2;20.00;20.00;20.00
sirrosteste_UCS_AMV-11;2024-11;etvoc;403.00;403.00;403.00
sirrosteste_UCS_AMV-16;2024-11;temperatura;40.40;19.29;7.70
sirrosteste_UCS_AMV-16;2024-11;umidade;100.00;85.00;30.30
sirrosteste_UCS_AMV-16;2024-11;luminosidade;27306.20;2484.26;0.10
sirrosteste_UCS_AMV-16;2024-11;ruido;120.00;77.81;44.90
sirrosteste_UCS_AMV-16;2024-11;eco2;20.00;20.00;20.00
sirrosteste_UCS_AMV-16;2024-11;etvoc;403.00;403.00;403.00
sirrosteste_UCS_AMV-05;2024-11;temperatura;40.50;22.67;10.00
sirrosteste_UCS_AMV-05;2024-11;umidade;95.80;66.91;26.40
sirrosteste_UCS_AMV-05;2024-11;luminosidade;14820.90;1360.62;0.10
sirrosteste_UCS_AMV-05;2024-11;ruido;109.60;73.91;50.70
sirrosteste_UCS_AMV-05;2024-11;eco2;20.00;20.00;20.00
sirrosteste_UCS_AMV-05;2024-11;etvoc;403.00;403.00;403.00
sirrosteste_UCS_AMV-19;2024-11;temperatura;19.50;19.50;19.50
sirrosteste_UCS_AMV-19;2024-11;umidade;89.90;89.90;89.90
sirrosteste_UCS_AMV-19;2024-11;luminosidade;41.00;41.00;41.00
sirrosteste_UCS_AMV-19;2024-11;ruido;85.50;85.50;85.50
sirrosteste_UCS_AMV-19;2024-11;etvoc;405.00;405.00;405.00
sirrosteste_UCS_AMV-23;2024-11;temperatura;44.80;23.79;11.00
sirrosteste_UCS_AMV-23;2024-11;umidade;100.00;67.16;21.80
sirrosteste_UCS_AMV-23;2024-11;luminosidade;27306.20;2338.59;0.10
sirrosteste_UCS_AMV-23;2024-11;ruido;120.00;75.85;41.00
sirrosteste_UCS_AMV-23;2024-11;eco2;301.00;20.09;3.00
sirrosteste_UCS_AMV-23;2024-11;etvoc;1662.00;403.47;403.00
sirrosteste_UCS_AMV-08;2024-11;temperatura;12.20;12.20;12.20
sirrosteste_UCS_AMV-08;2024-11;umidade;95.70;95.70;95.70
sirrosteste_UCS_AMV-08;2024-11;luminosidade;197.60;197.60;197.60
sirrosteste_UCS_AMV-08;2024-11;ruido;83.60;83.60;83.60
sirrosteste_UCS_AMV-08;2024-11;eco2;20.00;20.00;20.00
sirrosteste_UCS_AMV-08;2024-11;etvoc;403.00;403.00;403.00
sirrosteste_UCS_AMV-22;2024-06;temperatura;15.60;15.60;15.60
sirrosteste_UCS_AMV-22;2024-06;umidade;61.90;61.90;61.90
sirrosteste_UCS_AMV-22;2024-06;luminosidade;30.70;3.24;0.10
sirrosteste_UCS_AMV-22;2024-06;ruido;102.10;68.05;59.10
sirrosteste_UCS_AMV-22;2024-06;eco2;1184.00;237.21;4.00
sirrosteste_UCS_AMV-22;2024-06;etvoc;2219.00;1137.92;400.00
sirrosteste_UCS_AMV-20;2024-06;temperatura;28.30;18.21;13.10
sirrosteste_UCS_AMV-20;2024-06;umidade;72.50;64.18;52.50
sirrosteste_UCS_AMV-20;2024-06;luminosidade;42.40;4.60;0.10
sirrosteste_UCS_AMV-20;2024-06;ruido;99.20;57.75;44.30
sirrosteste_UCS_AMV-20;2024-06;eco2;437.00;48.83;1.00
sirrosteste_UCS_AMV-20;2024-06;etvoc;1788.00;684.33;400.00
sirrosteste_UCS_AMV-05;2024-06;temperatura;60.00;15.94;0.10
sirrosteste_UCS_AMV-05;2024-06;umidade;93.60;72.13;35.80
sirrosteste_UCS_AMV-05;2024-06;luminosidade;2910.80;910.15;0.10
sirrosteste_UCS_AMV-05;2024-06;ruido;101.40;71.73;49.60
sirrosteste_UCS_AMV-05;2024-06;eco2;289.00;26.07;1.00
sirrosteste_UCS_AMV-05;2024-06;etvoc;1644.00;433.41;400.00
sirrosteste_UCS_AMV-13;2024-06;temperatura;23.60;18.05;12.50
sirrosteste_UCS_AMV-13;2024-06;umidade;74.90;66.40;51.70
sirrosteste_UCS_AMV-13;2024-06;luminosidade;549.90;72.16;0.10
sirrosteste_UCS_AMV-13;2024-06;ruido;108.60;56.81;39.50
sirrosteste_UCS_AMV-13;2024-06;eco2;1165.00;55.40;1.00
sirrosteste_UCS_AMV-13;2024-06;etvoc;2212.00;715.18;400.00
sirrosteste_UCS_AMV-23;2024-06;temperatura;60.00;14.80;0.10
sirrosteste_UCS_AMV-23;2024-06;umidade;100.00;82.67;36.50
sirrosteste_UCS_AMV-23;2024-06;luminosidade;2539.60;560.19;0.10
sirrosteste_UCS_AMV-23;2024-06;ruido;120.00;77.28;45.50
sirrosteste_UCS_AMV-23;2024-06;eco2;1193.00;54.01;1.00
sirrosteste_UCS_AMV-23;2024-06;etvoc;2224.00;513.11;400.00
sirrosteste_UCS_AMV-21;2024-06;temperatura;28.30;18.22;13.90
sirrosteste_UCS_AMV-21;2024-06;umidade;81.60;67.60;54.50
sirrosteste_UCS_AMV-21;2024-06;luminosidade;6.30;0.87;0.10
sirrosteste_UCS_AMV-21;2024-06;ruido;120.00;64.33;45.20
sirrosteste_UCS_AMV-21;2024-06;eco2;1002.00;44.71;1.00
sirrosteste_UCS_AMV-21;2024-06;etvoc;2134.00;669.19;400.00
sirrosteste_UCS_AMV-08;2024-06;temperatura;3278.00;16.70;0.10
sirrosteste_UCS_AMV-08;2024-06;umidade;95.70;71.20;28.50
sirrosteste_UCS_AMV-08;2024-06;luminosidade;8131.80;1635.87;0.10
sirrosteste_UCS_AMV-08;2024-06;ruido;110.30;78.02;48.20
sirrosteste_UCS_AMV-08;2024-06;eco2;371.00;20.30;1.00
sirrosteste_UCS_AMV-08;2024-06;etvoc;1735.00;405.57;400.00
sirrosteste_UCS_AMV-09;2024-06;temperatura;23.00;17.16;9.40
sirrosteste_UCS_AMV-09;2024-06;umidade;79.70;63.92;44.20
sirrosteste_UCS_AMV-09;2024-06;luminosidade;8.80;1.35;0.10
sirrosteste_UCS_AMV-09;2024-06;ruido;120.00;85.32;46.60
sirrosteste_UCS_AMV-09;2024-06;eco2;20.00;20.00;20.00
sirrosteste_UCS_AMV-09;2024-06;etvoc;403.00;403.00;403.00
sirrosteste_UCS_AMV-19;2024-06;temperatura;19.50;19.50;19.50
sirrosteste_UCS_AMV-19;2024-06;umidade;89.90;89.81;87.20
sirrosteste_UCS_AMV-19;2024-06;luminosidade;379.90;164.96;0.10
sirrosteste_UCS_AMV-19;2024-06;ruido;110.50;67.19;44.70
sirrosteste_UCS_AMV-19;2024-06;eco2;1183.00;126.36;1.00
sirrosteste_UCS_AMV-19;2024-06;etvoc;2220.00;808.85;400.00
sirrosteste_UCS_AMV-07;2024-06;temperatura;24.60;17.90;12.50
sirrosteste_UCS_AMV-07;2024-06;umidade;77.60;67.63;55.90
sirrosteste_UCS_AMV-07;2024-06;luminosidade;1270.20;56.02;0.10
sirrosteste_UCS_AMV-07;2024-06;ruido;100.00;56.31;40.50
sirrosteste_UCS_AMV-07;2024-06;eco2;594.00;61.70;1.00
sirrosteste_UCS_AMV-07;2024-06;etvoc;1905.00;763.68;400.00
sirrosteste_UCS_AMV-11;2024-06;temperatura;17.80;16.60;16.10
sirrosteste_UCS_AMV-11;2024-06;umidade;98.20;98.20;76.00
sirrosteste_UCS_AMV-11;2024-06;luminosidade;4689.40;1135.72;0.10
sirrosteste_UCS_AMV-11;2024-06;ruido;114.60;72.78;49.60
sirrosteste_UCS_AMV-11;2024-06;eco2;20.00;20.00;20.00
sirrosteste_UCS_AMV-11;2024-06;etvoc;403.00;403.00;403.00
sirrosteste_UCS_AMV-18;2024-06;temperatura;28.60;16.66;3.70
sirrosteste_UCS_AMV-18;2024-06;umidade;99.90;86.05;53.10
sirrosteste_UCS_AMV-18;2024-06;luminosidade;4213.00;412.87;0.70
sirrosteste_UCS_AMV-18;2024-06;ruido;120.00;83.40;53.60
sirrosteste_UCS_AMV-18;2024-06;eco2;20.00;20.00;20.00
sirrosteste_UCS_AMV-18;2024-06;etvoc;403.00;403.00;403.00
sirrosteste_UCS_AMV-16;2024-06;temperatura;60.00;16.66;0.10
sirrosteste_UCS_AMV-16;2024-06;umidade;99.90;72.22;32.60
sirrosteste_UCS_AMV-16;2024-06;luminosidade;7427.10;224.74;0.10
sirrosteste_UCS_AMV-16;2024-06;ruido;110.50;64.10;48.00
sirrosteste_UCS_AMV-16;2024-06;eco2;1193.00;70.28;1.00
sirrosteste_UCS_AMV-16;2024-06;etvoc;2222.00;766.37;400.00
sirrosteste_UCS_AMV-10;2024-06;temperatura;20.50;7.96;0.80
sirrosteste_UCS_AMV-10;2024-06;umidade;97.40;71.76;38.40
sirrosteste_UCS_AMV-10;2024-06;luminosidade;88.20;32.83;0.10
sirrosteste_UCS_AMV-10;2024-06;ruido;106.70;71.65;47.60
sirrosteste_UCS_AMV-10;2024-06;eco2;927.00;28.10;1.00
sirrosteste_UCS_AMV-10;2024-06;etvoc;2102.00;408.42;400.00
sirrosteste_UCS_AMV-20;2024-11;temperatura;31.20;20.83;9.40
sirrosteste_UCS_AMV-20;2024-11;umidade;94.20;78.01;45.40
sirrosteste_UCS_AMV-20;2024-11;luminosidade;15918.90;1200.46;2.40
sirrosteste_UCS_AMV-20;2024-11;ruido;120.00;78.01;55.30
sirrosteste_UCS_AMV-20;2024-11;eco2;49.00;20.02;20.00
sirrosteste_UCS_AMV-20;2024-11;etvoc;727.00;403.19;400.00
sirrosteste_UCS_AMV-13;2024-11;temperatura;13.10;13.10;13.10
sirrosteste_UCS_AMV-13;2024-11;umidade;56.60;56.60;56.60
sirrosteste_UCS_AMV-13;2024-11;luminosidade;61.30;61.30;61.30
sirrosteste_UCS_AMV-13;2024-11;ruido;82.70;82.70;82.70
sirrosteste_UCS_AMV-13;2024-11;eco2;231.00;231.00;231.00
sirrosteste_UCS_AMV-13;2024-11;etvoc;1584.00;1584.00;1584.00
sirrosteste_UCS_AMV-11;2024-12;temperatura;17.80;17.80;17.30
sirrosteste_UCS_AMV-11;2024-12;umidade;76.00;76.00;75.50
sirrosteste_UCS_AMV-11;2024-12;luminosidade;11330.20;2589.10;0.10
sirrosteste_UCS_AMV-11;2024-12;ruido;120.00;73.11;49.80
sirrosteste_UCS_AMV-11;2024-12;eco2;20.00;20.00;20.00
sirrosteste_UCS_AMV-11;2024-12;etvoc;403.00;403.00;403.00
sirrosteste_UCS_AMV-07;2024-12;temperatura;27.40;23.79;20.10
sirrosteste_UCS_AMV-07;2024-12;umidade;65.90;56.82;48.40
sirrosteste_UCS_AMV-07;2024-12;luminosidade;36.50;2.44;0.10
sirrosteste_UCS_AMV-07;2024-12;ruido;102.40;54.73;38.60
sirrosteste_UCS_AMV-07;2024-12;eco2;858.00;82.48;1.00
sirrosteste_UCS_AMV-07;2024-12;etvoc;2064.00;837.67;400.00
sirrosteste_UCS_AMV-04;2024-12;temperatura;27.80;24.98;22.30
sirrosteste_UCS_AMV-04;2024-12;umidade;63.30;55.69;48.20
sirrosteste_UCS_AMV-04;2024-12;luminosidade;17.70;1.31;0.10
sirrosteste_UCS_AMV-04;2024-12;ruido;96.60;85.73;75.60
sirrosteste_UCS_AMV-04;2024-12;eco2;1017.00;51.80;1.00
sirrosteste_UCS_AMV-04;2024-12;etvoc;2144.00;725.96;400.00
sirrosteste_UCS_AMV-23;2024-12;temperatura;44.70;21.97;13.70
sirrosteste_UCS_AMV-23;2024-12;umidade;100.00;75.62;25.10
sirrosteste_UCS_AMV-23;2024-12;luminosidade;27306.20;2418.57;0.10
sirrosteste_UCS_AMV-23;2024-12;ruido;109.60;73.67;40.00
sirrosteste_UCS_AMV-23;2024-12;eco2;20.00;19.20;1.00
sirrosteste_UCS_AMV-23;2024-12;etvoc;468.00;403.72;400.00
sirrosteste_UCS_AMV-16;2024-12;temperatura;38.70;18.81;9.80
sirrosteste_UCS_AMV-16;2024-12;umidade;100.00;86.12;36.30
sirrosteste_UCS_AMV-16;2024-12;luminosidade;27306.20;2357.69;0.10
sirrosteste_UCS_AMV-16;2024-12;ruido;120.00;77.10;46.60
sirrosteste_UCS_AMV-16;2024-12;eco2;20.00;20.00;20.00
sirrosteste_UCS_AMV-16;2024-12;etvoc;403.00;403.00;403.00
sirrosteste_UCS_AMV-10;2024-12;temperatura;38.70;22.05;13.50
sirrosteste_UCS_AMV-10;2024-12;umidade;95.40;66.35;29.30
sirrosteste_UCS_AMV-10;2024-12;luminosidade;701.30;70.71;0.10
sirrosteste_UCS_AMV-10;2024-12;ruido;113.80;70.95;41.60
sirrosteste_UCS_AMV-10;2024-12;eco2;268.00;4.84;1.00
sirrosteste_UCS_AMV-10;2024-12;etvoc;1622.00;414.75;400.00
sirrosteste_UCS_AMV-05;2024-12;temperatura;39.10;21.87;3.60
sirrosteste_UCS_AMV-05;2024-12;umidade;96.10;69.68;28.80
sirrosteste_UCS_AMV-05;2024-12;luminosidade;6086.10;1195.23;0.10
sirrosteste_UCS_AMV-05;2024-12;ruido;120.00;73.68;49.40
sirrosteste_UCS_AMV-05;2024-12;eco2;20.00;20.00;20.00
sirrosteste_UCS_AMV-05;2024-12;etvoc;409.00;403.00;403.00
sirrosteste_UCS_AMV-20;2024-12;temperatura;37.10;18.15;9.70
sirrosteste_UCS_AMV-20;2024-12;umidade;96.70;77.10;36.80
sirrosteste_UCS_AMV-20;2024-12;luminosidade;27306.20;1269.13;2.20
sirrosteste_UCS_AMV-20;2024-12;ruido;120.00;73.00;44.90
sirrosteste_UCS_AMV-20;2024-12;eco2;20.00;20.00;20.00
sirrosteste_UCS_AMV-20;2024-12;etvoc;403.00;403.00;403.00
sirrosteste_UCS_AMV-14;2024-06;temperatura;29.70;13.06;0.70
sirrosteste_UCS_AMV-14;2024-06;umidade;83.20;58.43;12.20
sirrosteste_UCS_AMV-14;2024-06;luminosidade;7681.50;1470.98;0.10
sirrosteste_UCS_AMV-14;2024-06;ruido;120.00;70.36;44.60
sirrosteste_UCS_AMV-14;2024-06;eco2;1187.00;142.59;1.00
sirrosteste_UCS_AMV-14;2024-06;etvoc;2221.00;961.35;400.00
sirrosteste_UCS_AMV-17;2024-06;temperatura;60.00;12.99;0.10
sirrosteste_UCS_AMV-17;2024-06;umidade;86.30;62.37;36.90
sirrosteste_UCS_AMV-17;2024-06;luminosidade;13100.70;38.06;0.20
sirrosteste_UCS_AMV-17;2024-06;ruido;120.00;74.61;48.20
sirrosteste_UCS_AMV-17;2024-06;eco2;1184.00;108.11;1.00
sirrosteste_UCS_AMV-17;2024-06;etvoc;2219.00;653.37;400.00
sirrosteste_UCS_AMV-12;2024-06;temperatura;60.00;14.52;0.10
sirrosteste_UCS_AMV-12;2024-06;umidade;85.40;63.24;22.70
sirrosteste_UCS_AMV-12;2024-06;luminosidade;9259.80;130.96;0.10
sirrosteste_UCS_AMV-12;2024-06;ruido;120.00;75.06;46.00
sirrosteste_UCS_AMV-12;2024-06;eco2;939.00;54.32;1.00
sirrosteste_UCS_AMV-12;2024-06;etvoc;2108.00;464.40;400.00
sirrosteste_UCS_AMV-04;2024-06;temperatura;19.50;17.89;16.50
sirrosteste_UCS_AMV-04;2024-06;umidade;80.00;59.88;51.10
sirrosteste_UCS_AMV-04;2024-06;luminosidade;15.20;14.42;11.10
sirrosteste_UCS_AMV-04;2024-06;ruido;99.60;85.46;64.60
sirrosteste_UCS_AMV-04;2024-06;eco2;173.00;32.80;2.00
sirrosteste_UCS_AMV-04;2024-06;etvoc;1470.00;504.27;400.00
sirrosteste_UCS_AMV-18;2024-07;temperatura;20.30;8.27;2.40
sirrosteste_UCS_AMV-18;2024-07;umidade;99.80;95.87;75.50
sirrosteste_UCS_AMV-18;2024-07;luminosidade;4199.30;454.13;1.00
sirrosteste_UCS_AMV-18;2024-07;ruido;114.30;83.45;48.80
sirrosteste_UCS_AMV-18;2024-07;eco2;20.00;20.00;20.00
sirrosteste_UCS_AMV-18;2024-07;etvoc;403.00;403.00;403.00
sirrosteste_UCS_AMV-09;2024-07;temperatura;28.20;14.32;9.00
sirrosteste_UCS_AMV-09;2024-07;umidade;73.50;63.55;39.90
sirrosteste_UCS_AMV-09;2024-07;luminosidade;1995.70;3.03;0.10
sirrosteste_UCS_AMV-09;2024-07;ruido;120.00;86.55;49.20
sirrosteste_UCS_AMV-09;2024-07;eco2;20.00;20.00;20.00
sirrosteste_UCS_AMV-09;2024-07;etvoc;403.00;402.99;400.00
sirrosteste_UCS_AMV-23;2024-07;temperatura;28.30;9.81;0.90
sirrosteste_UCS_AMV-23;2024-07;umidade;100.00;91.32;37.80
sirrosteste_UCS_AMV-23;2024-07;luminosidade;1910.90;514.98;0.10
sirrosteste_UCS_AMV-23;2024-07;ruido;111.00;76.92;45.10
sirrosteste_UCS_AMV-23;2024-07;eco2;1127.00;27.58;1.00
sirrosteste_UCS_AMV-23;2024-07;etvoc;2194.00;445.22;400.00
sirrosteste_UCS_AMV-09;2024-12;temperatura;12.80;12.80;12.80
sirrosteste_UCS_AMV-09;2024-12;umidade;50.20;50.20;50.20
sirrosteste_UCS_AMV-09;2024-12;luminosidade;1.20;1.20;1.20
sirrosteste_UCS_AMV-09;2024-12;ruido;88.20;88.20;88.20
sirrosteste_UCS_AMV-09;2024-12;eco2;20.00;20.00;20.00
sirrosteste_UCS_AMV-09;2024-12;etvoc;403.00;403.00;403.00
sirrosteste_UCS_AMV-07;2025-01;temperatura;30.10;26.81;23.90
sirrosteste_UCS_AMV-07;2025-01;umidade;60.10;52.69;39.80
sirrosteste_UCS_AMV-07;2025-01;luminosidade;13.30;2.15;0.10
sirrosteste_UCS_AMV-07;2025-01;ruido;101.40;54.17;38.80
sirrosteste_UCS_AMV-07;2025-01;eco2;353.00;55.35;1.00
sirrosteste_UCS_AMV-07;2025-01;etvoc;1715.00;761.39;400.00
sirrosteste_UCS_AMV-05;2025-01;temperatura;40.80;24.80;14.10
sirrosteste_UCS_AMV-05;2025-01;umidade;95.60;65.46;26.50
sirrosteste_UCS_AMV-05;2025-01;luminosidade;8359.10;1402.70;0.10
sirrosteste_UCS_AMV-05;2025-01;ruido;109.00;72.05;43.90
sirrosteste_UCS_AMV-05;2025-01;eco2;20.00;20.00;20.00
sirrosteste_UCS_AMV-05;2025-01;etvoc;403.00;403.00;403.00
sirrosteste_UCS_AMV-10;2025-01;temperatura;39.50;24.79;16.80
sirrosteste_UCS_AMV-10;2025-01;umidade;88.20;62.73;28.90
sirrosteste_UCS_AMV-10;2025-01;luminosidade;696.10;77.59;0.10
sirrosteste_UCS_AMV-10;2025-01;ruido;107.30;69.83;42.90
sirrosteste_UCS_AMV-10;2025-01;eco2;533.00;4.52;1.00
sirrosteste_UCS_AMV-10;2025-01;etvoc;1862.00;420.05;400.00
sirrosteste_UCS_AMV-11;2025-01;temperatura;17.80;17.80;17.30
sirrosteste_UCS_AMV-11;2025-01;umidade;76.00;76.00;75.50
sirrosteste_UCS_AMV-11;2025-01;luminosidade;12877.00;2581.97;0.10
sirrosteste_UCS_AMV-11;2025-01;ruido;120.00;72.22;43.80
sirrosteste_UCS_AMV-11;2025-01;eco2;20.00;20.00;20.00
sirrosteste_UCS_AMV-11;2025-01;etvoc;403.00;403.00;403.00
sirrosteste_UCS_AMV-04;2025-01;temperatura;30.40;27.10;24.40
sirrosteste_UCS_AMV-04;2025-01;umidade;60.20;53.08;39.90
sirrosteste_UCS_AMV-04;2025-01;luminosidade;7.10;1.01;0.10
sirrosteste_UCS_AMV-04;2025-01;ruido;102.00;85.33;55.40
sirrosteste_UCS_AMV-04;2025-01;eco2;1181.00;71.31;1.00
sirrosteste_UCS_AMV-04;2025-01;etvoc;2217.00;823.62;400.00
sirrosteste_UCS_AMV-16;2025-01;temperatura;41.40;21.20;11.10
sirrosteste_UCS_AMV-16;2025-01;umidade;99.90;84.84;39.10
sirrosteste_UCS_AMV-16;2025-01;luminosidade;27306.20;2533.68;0.10
sirrosteste_UCS_AMV-16;2025-01;ruido;111.20;75.95;46.60
sirrosteste_UCS_AMV-16;2025-01;eco2;20.00;20.00;20.00
sirrosteste_UCS_AMV-16;2025-01;etvoc;403.00;403.00;403.00
sirrosteste_UCS_AMV-12;2025-01;temperatura;4.70;4.70;4.70
sirrosteste_UCS_AMV-12;2025-01;umidade;88.40;88.40;88.40
sirrosteste_UCS_AMV-12;2025-01;luminosidade;2.50;2.50;2.50
sirrosteste_UCS_AMV-12;2025-01;ruido;73.00;73.00;73.00
sirrosteste_UCS_AMV-12;2025-01;etvoc;401.00;401.00;401.00
sirrosteste_UCS_AMV-18;2025-07;temperatura;3.80;3.80;3.80
sirrosteste_UCS_AMV-18;2025-07;umidade;96.00;96.00;96.00
sirrosteste_UCS_AMV-18;2025-07;luminosidade;340.60;340.60;340.60
sirrosteste_UCS_AMV-18;2025-07;ruido;91.20;91.20;91.20
sirrosteste_UCS_AMV-18;2025-07;eco2;20.00;20.00;20.00
sirrosteste_UCS_AMV-18;2025-07;etvoc;403.00;403.00;403.00
sirrosteste_UCS_AMV-07;2025-07;temperatura;26.90;26.90;26.90
sirrosteste_UCS_AMV-07;2025-07;umidade;47.90;47.90;47.90
sirrosteste_UCS_AMV-07;2025-07;luminosidade;8.50;8.50;8.50
sirrosteste_UCS_AMV-07;2025-07;ruido;61.30;61.30;61.30
sirrosteste_UCS_AMV-07;2025-07;eco2;200.00;200.00;200.00
sirrosteste_UCS_AMV-07;2025-07;etvoc;1500.00;1500.00;1500.00
sirrosteste_UCS_AMV-08;2025-01;temperatura;14.00;8.70;3.70
sirrosteste_UCS_AMV-08;2025-01;umidade;96.70;93.13;86.40
sirrosteste_UCS_AMV-08;2025-01;ruido;83.40;77.63;70.20
sirrosteste_UCS_AMV-08;2025-01;eco2;20.00;20.00;20.00
sirrosteste_UCS_AMV-08;2025-01;etvoc;403.00;403.00;403.00
sirrosteste_UCS_AMV-18;2025-01;temperatura;7.10;7.10;7.10
sirrosteste_UCS_AMV-18;2025-01;umidade;97.00;97.00;97.00
sirrosteste_UCS_AMV-18;2025-01;luminosidade;805.50;722.15;638.80
sirrosteste_UCS_AMV-18;2025-01;ruido;91.60;86.75;81.90
sirrosteste_UCS_AMV-18;2025-01;eco2;20.00;20.00;20.00
sirrosteste_UCS_AMV-18;2025-01;etvoc;403.00;403.00;403.00
sirrosteste_UCS_AMV-16;2024-01;temperatura;28.70;28.70;28.70
sirrosteste_UCS_AMV-16;2024-01;umidade;51.80;51.80;51.80
sirrosteste_UCS_AMV-16;2024-01;luminosidade;4287.20;4287.20;4287.20
sirrosteste_UCS_AMV-16;2024-01;ruido;83.30;83.30;83.30
sirrosteste_UCS_AMV-16;2024-01;eco2;20.00;20.00;20.00
sirrosteste_UCS_AMV-16;2024-01;etvoc;403.00;403.00;403.00
sirrosteste_UCS_AMV-04;2024-07;temperatura;29.10;27.15;25.60
sirrosteste_UCS_AMV-04;2024-07;umidade;57.80;54.33;51.90
sirrosteste_UCS_AMV-04;2024-07;luminosidade;0.40;0.40;0.40
sirrosteste_UCS_AMV-04;2024-07;ruido;86.20;85.03;84.20
sirrosteste_UCS_AMV-04;2024-07;eco2;59.00;27.75;7.00
sirrosteste_UCS_AMV-04;2024-07;etvoc;789.00;587.25;455.00
sirrosteste_UCS_AMV-23;2025-01;temperatura;7.70;7.70;7.70
sirrosteste_UCS_AMV-23;2025-01;umidade;99.90;99.90;99.90
sirrosteste_UCS_AMV-23;2025-01;luminosidade;5.30;5.30;5.30
sirrosteste_UCS_AMV-23;2025-01;ruido;78.10;78.10;78.10
sirrosteste_UCS_AMV-23;2025-01;eco2;20.00;20.00;20.00
sirrosteste_UCS_AMV-23;2025-01;etvoc;403.00;403.00;403.00
sirrosteste_UCS_AMV-04;2024-01;temperatura;28.00;28.00;28.00
sirrosteste_UCS_AMV-04;2024-01;umidade;45.80;45.80;45.80
sirrosteste_UCS_AMV-04;2024-01;luminosidade;0.10;0.10;0.10
sirrosteste_UCS_AMV-04;2024-01;ruido;84.20;84.20;84.20
sirrosteste_UCS_AMV-04;2024-01;eco2;5.00;5.00;5.00
sirrosteste_UCS_AMV-04;2024-01;etvoc;441.00;441.00;441.00
sirrosteste_UCS_AMV-07;2024-07;temperatura;27.10;25.70;24.30
sirrosteste_UCS_AMV-07;2024-07;umidade;59.60;58.05;56.50
sirrosteste_UCS_AMV-07;2024-07;luminosidade;0.90;0.90;0.90
sirrosteste_UCS_AMV-07;2024-07;ruido;66.20;58.20;50.20
sirrosteste_UCS_AMV-07;2024-07;eco2;41.00;37.00;33.00
sirrosteste_UCS_AMV-07;2024-07;etvoc;671.00;645.00;619.00
sirrosteste_UCS_AMV-16;2025-02;temperatura;42.20;23.86;15.80
sirrosteste_UCS_AMV-16;2025-02;umidade;100.00;82.90;33.60
sirrosteste_UCS_AMV-16;2025-02;luminosidade;27306.20;1970.98;0.10
sirrosteste_UCS_AMV-16;2025-02;ruido;120.00;75.59;46.90
sirrosteste_UCS_AMV-16;2025-02;eco2;20.00;20.00;20.00
sirrosteste_UCS_AMV-16;2025-02;etvoc;403.00;403.00;403.00
sirrosteste_UCS_AMV-05;2025-02;temperatura;41.20;27.50;17.90
sirrosteste_UCS_AMV-05;2025-02;umidade;95.00;64.22;28.60
sirrosteste_UCS_AMV-05;2025-02;luminosidade;9466.60;1870.19;0.10
sirrosteste_UCS_AMV-05;2025-02;ruido;109.30;70.34;42.80
sirrosteste_UCS_AMV-05;2025-02;eco2;20.00;20.00;20.00
sirrosteste_UCS_AMV-05;2025-02;etvoc;403.00;403.00;403.00
sirrosteste_UCS_AMV-07;2025-02;temperatura;30.60;27.93;24.40
sirrosteste_UCS_AMV-07;2025-02;umidade;61.90;53.44;37.70
sirrosteste_UCS_AMV-07;2025-02;luminosidade;46.30;2.60;0.10
sirrosteste_UCS_AMV-07;2025-02;ruido;98.90;55.97;39.80
sirrosteste_UCS_AMV-07;2025-02;eco2;455.00;54.01;1.00
sirrosteste_UCS_AMV-07;2025-02;etvoc;1804.00;745.41;400.00
sirrosteste_UCS_AMV-04;2025-02;temperatura;30.00;27.99;25.30
sirrosteste_UCS_AMV-04;2025-02;umidade;61.60;54.47;38.20
sirrosteste_UCS_AMV-04;2025-02;luminosidade;7.90;1.45;0.10
sirrosteste_UCS_AMV-04;2025-02;ruido;100.60;84.83;49.00
sirrosteste_UCS_AMV-04;2025-02;eco2;398.00;67.33;1.00
sirrosteste_UCS_AMV-04;2025-02;etvoc;1756.00;826.09;400.00
sirrosteste_UCS_AMV-10;2025-02;temperatura;37.50;27.20;20.10
sirrosteste_UCS_AMV-10;2025-02;umidade;87.50;62.16;33.00
sirrosteste_UCS_AMV-10;2025-02;luminosidade;286.50;70.71;0.10
sirrosteste_UCS_AMV-10;2025-02;ruido;108.60;70.86;44.60
sirrosteste_UCS_AMV-10;2025-02;eco2;224.00;14.01;1.00
sirrosteste_UCS_AMV-10;2025-02;etvoc;1573.00;405.69;400.00
sirrosteste_UCS_AMV-11;2025-02;temperatura;17.80;17.80;17.30
sirrosteste_UCS_AMV-11;2025-02;umidade;76.00;76.00;75.50
sirrosteste_UCS_AMV-11;2025-02;luminosidade;9163.80;2024.40;0.10
sirrosteste_UCS_AMV-11;2025-02;ruido;120.00;72.53;45.50
sirrosteste_UCS_AMV-11;2025-02;eco2;20.00;20.00;20.00
sirrosteste_UCS_AMV-11;2025-02;etvoc;403.00;403.00;403.00
sirrosteste_UCS_AMV-04;2024-02;temperatura;28.90;28.90;28.90
sirrosteste_UCS_AMV-04;2024-02;umidade;49.00;49.00;49.00
sirrosteste_UCS_AMV-04;2024-02;ruido;89.00;89.00;89.00
sirrosteste_UCS_AMV-04;2024-02;eco2;46.00;46.00;46.00
sirrosteste_UCS_AMV-04;2024-02;etvoc;706.00;706.00;706.00
sirrosteste_UCS_AMV-05;2025-03;temperatura;40.40;25.11;14.00
sirrosteste_UCS_AMV-05;2025-03;umidade;94.30;65.51;32.20
sirrosteste_UCS_AMV-05;2025-03;luminosidade;5383.20;1595.78;0.10
sirrosteste_UCS_AMV-05;2025-03;ruido;102.00;70.51;43.20
sirrosteste_UCS_AMV-05;2025-03;eco2;20.00;20.00;20.00
sirrosteste_UCS_AMV-05;2025-03;etvoc;403.00;403.00;403.00
sirrosteste_UCS_AMV-16;2025-03;temperatura;41.40;21.77;11.40
sirrosteste_UCS_AMV-16;2025-03;umidade;100.00;82.19;31.80
sirrosteste_UCS_AMV-16;2025-03;luminosidade;27306.20;1318.06;0.10
sirrosteste_UCS_AMV-16;2025-03;ruido;105.00;75.54;49.60
sirrosteste_UCS_AMV-16;2025-03;eco2;20.00;20.00;20.00
sirrosteste_UCS_AMV-16;2025-03;etvoc;403.00;403.00;403.00
sirrosteste_UCS_AMV-10;2025-03;temperatura;35.20;24.69;16.00
sirrosteste_UCS_AMV-10;2025-03;umidade;93.60;65.17;35.70
sirrosteste_UCS_AMV-10;2025-03;luminosidade;148.70;55.36;0.10
sirrosteste_UCS_AMV-10;2025-03;ruido;108.10;71.91;43.60
sirrosteste_UCS_AMV-10;2025-03;eco2;202.00;13.24;1.00
sirrosteste_UCS_AMV-10;2025-03;etvoc;1544.00;447.06;400.00
sirrosteste_UCS_AMV-11;2025-03;temperatura;22.90;17.78;16.60
sirrosteste_UCS_AMV-11;2025-03;umidade;99.90;79.67;75.50
sirrosteste_UCS_AMV-11;2025-03;luminosidade;7924.60;1739.53;0.10
sirrosteste_UCS_AMV-11;2025-03;ruido;120.00;72.49;44.10
sirrosteste_UCS_AMV-11;2025-03;eco2;20.00;20.00;20.00
sirrosteste_UCS_AMV-11;2025-03;etvoc;403.00;403.00;403.00
sirrosteste_UCS_AMV-13;2024-07;temperatura;24.60;24.52;24.40
sirrosteste_UCS_AMV-13;2024-07;umidade;48.30;48.12;47.90
sirrosteste_UCS_AMV-13;2024-07;luminosidade;838.80;830.53;825.60
sirrosteste_UCS_AMV-13;2024-07;ruido;93.50;86.30;81.30
sirrosteste_UCS_AMV-13;2024-07;etvoc;407.00;402.50;400.00
sirrosteste_UCS_AMV-17;2025-03;temperatura;24.60;18.90;14.30
sirrosteste_UCS_AMV-17;2025-03;umidade;92.10;77.48;44.10
sirrosteste_UCS_AMV-17;2025-03;luminosidade;139.80;30.91;0.10
sirrosteste_UCS_AMV-17;2025-03;ruido;103.60;78.38;51.20
sirrosteste_UCS_AMV-17;2025-03;eco2;1183.00;130.73;1.00
sirrosteste_UCS_AMV-17;2025-03;etvoc;2217.00;970.65;400.00
sirrosteste_UCS_AMV-13;2025-03;temperatura;28.20;21.74;14.80
sirrosteste_UCS_AMV-13;2025-03;umidade;88.10;67.94;38.40
sirrosteste_UCS_AMV-13;2025-03;luminosidade;6162.30;678.76;0.10
sirrosteste_UCS_AMV-13;2025-03;ruido;120.00;80.24;47.50
sirrosteste_UCS_AMV-13;2025-03;eco2;69.00;19.97;1.00
sirrosteste_UCS_AMV-13;2025-03;etvoc;862.00;401.98;400.00
sirrosteste_UCS_AMV-04;2025-03;temperatura;32.10;23.91;21.10
sirrosteste_UCS_AMV-04;2025-03;umidade;74.40;65.15;32.70
sirrosteste_UCS_AMV-04;2025-03;luminosidade;2196.70;7.31;0.10
sirrosteste_UCS_AMV-04;2025-03;ruido;120.00;77.09;40.60
sirrosteste_UCS_AMV-04;2025-03;eco2;1187.00;181.45;1.00
sirrosteste_UCS_AMV-04;2025-03;etvoc;2219.00;1034.18;400.00
sirrosteste_UCS_AMV-07;2025-03;temperatura;26.10;26.02;25.90
sirrosteste_UCS_AMV-07;2025-03;umidade;44.40;42.45;40.10
sirrosteste_UCS_AMV-07;2025-03;luminosidade;38.40;35.36;31.70
sirrosteste_UCS_AMV-07;2025-03;ruido;81.20;75.11;69.60
sirrosteste_UCS_AMV-07;2025-03;etvoc;405.00;401.00;400.00
sirrosteste_UCS_AMV-20;2025-03;temperatura;25.60;18.40;16.90
sirrosteste_UCS_AMV-20;2025-03;umidade;85.70;81.41;59.50
sirrosteste_UCS_AMV-20;2025-03;luminosidade;1872.30;143.47;2.30
sirrosteste_UCS_AMV-20;2025-03;ruido;110.90;84.11;72.30
sirrosteste_UCS_AMV-20;2025-03;eco2;20.00;20.00;20.00
sirrosteste_UCS_AMV-20;2025-03;etvoc;403.00;403.00;403.00
sirrosteste_UCS_AMV-16;2025-04;temperatura;29.00;19.68;17.40
sirrosteste_UCS_AMV-16;2025-04;umidade;99.90;94.89;61.00
sirrosteste_UCS_AMV-16;2025-04;luminosidade;8770.00;1145.69;0.10
sirrosteste_UCS_AMV-16;2025-04;ruido;106.20;76.61;49.10
sirrosteste_UCS_AMV-16;2025-04;eco2;20.00;20.00;20.00
sirrosteste_UCS_AMV-16;2025-04;etvoc;403.00;403.00;403.00
sirrosteste_UCS_AMV-13;2025-04;temperatura;27.70;21.47;19.10
sirrosteste_UCS_AMV-13;2025-04;umidade;89.00;81.29;61.40
sirrosteste_UCS_AMV-13;2025-04;luminosidade;1585.40;472.66;0.30
sirrosteste_UCS_AMV-13;2025-04;ruido;109.20;78.05;50.60
sirrosteste_UCS_AMV-13;2025-04;etvoc;400.00;400.00;400.00
